day,sentiment_mean,sentiment_std,subjectivity_mean,subjectivity_std,counting
2023-05-29,0.6683168094045072,1.0,0.7503286330848674,1.0,1.0
2023-05-30,-0.8706461322365278,2.430816978764112,0.46215439290882576,0.020708399007875734,2.0
2023-06-11,0.9639528628608574,1.0,0.29072802479766563,1.0,1.0
2023-06-12,0.5031148149474628,0.4485158589428713,-0.24829745955945715,0.8508205220466682,4.0
2023-06-13,1.1075973236082224,1.0,0.3730010103804365,1.0,1.0
2023-06-14,0.7188353320061011,1.0,0.006237357388044932,1.0,1.0
2023-06-15,-0.1889283971172769,1.0,-0.22840015903236405,1.0,1.0
2023-06-16,0.19098709213669576,1.0,0.630658737105468,1.0,1.0
2023-06-19,0.9334666315568196,1.0,0.5864582908812654,1.0,1.0
2023-06-20,0.5873183424964583,1.0916318828966007,0.2040897084487754,0.6056743717046983,4.0
2023-06-21,-0.7475898864283351,1.0,0.354541971924183,1.0,1.0
2023-06-22,-3.9038866761396074,1.0,3.207319436201361,1.0,1.0
2023-06-23,-0.48750772821099025,0.5745927816658549,-0.04455615691856451,1.1671685148932778,8.0
2023-06-24,0.30893244879538184,1.0,-0.7229215609512663,1.0,1.0
2023-06-26,0.03885414976385353,1.0,-0.29305748846438523,1.0,1.0
2023-06-30,0.0,1.0,0.0,1.0,1.0
2023-07-15,-0.5433051803299741,0.27668614100489153,-1.0785870898478784,0.5566690280725105,2.0
2023-07-17,0.12827660403660418,0.25155960402416816,-0.4824205978230024,0.48782565567371045,2.0
2023-07-19,0.015781195944371062,0.4473717078337754,0.12226057591134429,0.5473732290978596,5.0
2023-07-20,-0.7105576726564454,0.514288425591357,-0.5398592996140565,1.2883683777378852,2.0
2023-07-21,-0.7600545532995393,0.32579714775275004,0.4334396594381176,0.3760009351061769,2.0
2023-07-23,0.6543746178161142,0.4031426651779083,-0.7182826548963046,0.29537338560739573,4.0
2023-07-24,0.08742902485609302,1.0,1.5389044398810807,1.0,1.0
2023-07-25,1.6322931729555838,0.7144563469959158,0.7076279354268692,0.5280825031319952,3.0
2023-07-26,0.17908137793085138,0.5541188599582211,0.8316072847122608,0.9579076716649058,2.0
2023-07-27,-0.013870929650431397,0.0916190486604358,-0.39616472496214405,0.006607119825901557,2.0
2023-07-28,-1.0843004182976324,1.1199540957981724,0.10431205316161227,0.72344745774904,5.0
2023-07-29,0.9070688107956597,1.0,1.0640093507264359,1.0,1.0
2023-07-30,0.0,1.0,0.0,1.0,1.0
2023-07-31,0.2161879009661347,0.3653300817760586,-0.6011932667239515,0.7144889781327307,3.0
2023-08-01,-0.8074609216275985,1.0887771403778972,-0.2941055332550197,0.5959080834833484,9.0
2023-08-03,-0.4434365036921306,1.0,-0.4702242815104684,1.0,1.0
2023-08-04,0.4549975556278573,0.3477438391818368,0.28310824350335206,0.36730900438259956,2.0
2023-08-05,-0.7273558928661743,1.0,0.5103061990098188,1.0,1.0
2023-08-09,-0.4904091210424994,1.4928240642068764,0.3099169822122177,1.9337690221773376,3.0
2023-08-10,0.281353680711531,0.6201993894099006,-0.329323157883013,0.9024851471611696,7.0
2023-08-14,0.914744387700651,1.0,-0.001886860589430347,1.0,1.0
2023-08-15,0.29492759043146777,0.9724236250506013,-0.5211338458370063,0.5083746983620259,8.0
2023-08-16,-0.055249183930837734,1.0,-0.8533327104218904,1.0,1.0
2023-08-17,-0.2515074903823301,0.6718387469739551,0.3008722442818709,0.860247084004959,10.0
2023-08-18,0.19083282161675807,0.556530562875722,-0.42050762771738914,0.7993753660161688,16.0
2023-08-19,-0.0015416236681675428,0.7717845385330657,-0.5084725206062307,0.9553356735914805,17.0
2023-08-20,-0.18669129400060708,1.272929768545628,-0.3389927405690824,0.9794727528334508,14.0
2023-08-21,0.17344956058044228,0.8562367286207497,-0.07120447080853076,1.1182852862394659,4.0
2023-08-22,-0.7706831912624464,1.437425564422197,0.07965724266257743,1.316387470880993,4.0
2023-08-23,-1.8666551846813992,1.0,0.11944751377210105,1.0,1.0
2023-08-24,-0.8718731917094371,1.0,0.15426427432738934,1.0,1.0
2023-08-25,-0.04645913041803655,0.39049692317950774,0.9966313383475699,0.5206848096203497,8.0
2023-08-26,-0.025,1.0,0.7,1.0,1.0
2023-08-27,0.44575806597035467,0.6649165229166605,0.35066955145355966,0.6879953456412874,6.0
2023-08-28,0.16453880887056507,0.8754327178550174,0.03012235876003653,0.7101485040764882,11.0
2023-08-29,-0.12446588769693617,1.0013795000178343,0.322049844039137,0.876658615010996,13.0
2023-08-30,-0.2844174208151304,1.1900378970910668,0.1633396071426159,1.135361759134045,17.0
2023-08-31,-0.26586871417828367,0.913647473254827,-0.43452262408643105,0.9080615536682172,6.0
2023-09-01,0.3105685287868641,0.7567521099776979,-0.1710018620495257,0.9854294443683319,24.0
2023-09-02,0.11839642280020046,1.1763906301590439,-0.3558157752913827,0.8703302448823675,6.0
2023-09-03,0.4118667728597862,0.43055020213135536,-0.8903950028838321,0.8250278053777848,8.0
2023-09-04,-0.5268735916011192,0.4052868116533,-1.7513791467387663,0.2986106076660404,2.0
2023-09-05,-0.14526821874271262,0.4389834026104343,0.18797453680393414,0.9923354409268385,9.0
2023-09-06,-0.619944755747675,0.8860834592757117,0.1586839844830538,1.032208357200543,18.0
2023-09-07,0.1959592314987526,0.8777921618818862,0.23844594185889734,0.7349608006270837,25.0
2023-09-08,0.41140642483100737,0.7853267096994567,0.34887792266988243,0.8190031051092929,42.0
2023-09-09,-0.12692565995287705,0.9303312986848089,0.5132080929122796,1.0787243824953063,19.0
2023-09-10,-0.46118419158328866,1.0034187756816377,-0.16052079141326728,0.4575799620880007,7.0
2023-09-11,-0.082073728139204,0.8465625022402664,0.04950700714546006,0.7939728480444757,34.0
2023-09-12,0.08343007649691701,0.880154507088988,0.22737449707487167,0.9189289040509465,15.0
2023-09-13,0.08250699104893669,1.1368302599040547,0.4004830318919433,0.9292420769286348,17.0
2023-09-14,-0.12990579644327296,0.7736495028628398,0.146734679515823,0.7942116726397461,15.0
2023-09-15,0.3553273016777754,0.5983634071520129,0.15972096968143265,0.7481174819331741,29.0
2023-09-16,-0.20250438546331775,1.0524892099100178,0.10163095977622659,0.941117855194677,25.0
2023-09-17,-0.2061975780829496,0.6118054368370148,0.10784919219840847,0.9839450793244531,17.0
2023-09-18,-0.003009956086929678,0.6580099146159373,-0.41382860033458085,0.3361125622422759,9.0
2023-09-19,-0.11794363857467435,0.5337829588379337,-0.3233153676506495,1.010709902581996,8.0
2023-09-20,-0.009228909221483714,0.15200077174312085,0.18750424518780123,0.44911687840233966,2.0
2023-09-21,0.013439523102849137,1.1099459680346946,0.6495361927998853,0.7891126722575504,11.0
2023-09-22,-0.16233364592063404,1.0823930775153618,0.46578315291169975,1.304141507690477,18.0
2023-09-23,-0.5370642785488899,0.7095453680952636,0.31829028388722164,0.6350101005967735,16.0
2023-10-01,-1.8198622129412256,1.0,0.21257459783021887,1.0,1.0
2023-10-02,-0.181049771077505,1.0,-1.9006755631605854,1.0,1.0
2023-10-04,1.380505341592595,1.0,1.5623135220765323,1.0,1.0
2023-10-05,-0.03748776855336728,1.0,0.14636429279507143,1.0,1.0
2023-10-06,-1.5805380338712465,3.2042928007356255,1.4914400785925852,0.9203048263730288,2.0
2023-10-07,0.08699813990272982,0.26445530558898195,0.37442846008657804,0.3881004501556023,2.0
2023-10-18,-0.13298842782825837,1.0,-0.015698252570459023,1.0,1.0
2023-10-19,-0.43219694582184653,0.8915856314146926,0.3760535580018324,0.6064152293184605,7.0
2023-10-20,-0.153511064466268,0.21600670796712343,-0.01985341513274595,0.7348758367216573,7.0
2023-10-21,0.04490677518093566,0.358435453956244,-0.5874730388533412,0.8922322195873704,7.0
2023-10-22,0.038520551370966,0.5094471543429478,-0.6340596943544101,0.8560249728130034,6.0
2023-10-23,-0.23473168005095188,1.0,-1.2950976668774936,1.0,1.0
2023-10-24,-0.0840717953435477,0.596298291714754,0.022587177456096175,0.9732365917822038,4.0
2023-10-25,-0.5913679791129153,1.1966020800253903,0.2801851040121212,0.9705469410324066,7.0
2023-10-26,0.13755810495477006,0.28332005676801814,-0.031319625618742415,0.8472469522281582,5.0
2023-10-27,-0.652553275287047,0.7469795439406562,0.7708403853150126,0.35945592011129424,2.0
2023-10-28,0.09858943708948345,1.0,1.0854884620610996,1.0,1.0
2023-10-30,-0.06830161729956512,1.0,1.1613415083857621,1.0,1.0
2023-10-31,-0.5873593791376074,1.0,-0.1794572272612875,1.0,1.0
2023-11-02,-0.7615445687112611,1.0,0.2269425007574375,1.0,1.0
2023-11-03,1.1385842042353813,1.0,1.6618462101658986,1.0,1.0
2023-11-04,-0.24575696859145849,1.0,-1.594627201143518,1.0,1.0
2023-11-06,1.136403739372368,1.0,-0.3850318672174708,1.0,1.0
2023-11-13,-0.8069091758422492,1.0,-1.1883369483620283,1.0,1.0
2023-11-17,0.5764980249510656,1.0,-0.5427059516883252,1.0,1.0
2023-11-28,0.7283539484958936,0.3936519291029948,0.7370691751373775,0.08899762601204678,2.0
2023-11-30,0.7040954179518678,0.645732617417235,-0.032701639042269234,0.36178182307864437,4.0
2023-12-01,0.5144378527601974,0.2724750116284353,-0.4558770260430812,0.3552925269955607,2.0
2023-12-03,0.0625,1.0,0.5,1.0,1.0
2023-12-04,0.37017243365509733,0.7121750857756197,-0.12953540687967002,1.0134156099384282,2.0
2023-12-05,-0.6601632237836881,0.6785293187588015,-0.46973260467885813,0.7132673822786313,4.0
2023-12-07,1.4433990014332168,1.0,1.5594508398609348,1.0,1.0
2023-12-09,-1.0100176476935345,1.0,-0.5629239621916318,1.0,1.0
2023-12-11,-0.5515172321923845,0.04740734644028725,-0.3625199539372935,0.48897712016807066,2.0
2023-12-12,-0.5241925686585343,1.0,-1.3659846981034136,1.0,1.0
2023-12-13,-0.24029253875559567,1.0,2.5781244891143498,1.0,1.0
2023-12-18,0.1458325436353024,1.0,-2.1146422515568295,1.0,1.0
2023-12-29,0.36318496457614985,1.0,-1.5229537187542699,1.0,1.0
2024-01-02,0.3535533905932738,0.5,0.5160533905932738,0.2701902961143721,2.0
2024-01-10,-1.1260951210951724,1.0,1.200710055397636,1.0,1.0
2024-01-14,-0.3230349007238903,1.4126373260047937,0.8699457994115262,0.5364254269758088,3.0
2024-01-15,0.04471377887005801,1.0070600306600137,-0.2850841049693492,0.9436270189855276,6.0
2024-01-16,0.05859479395927156,0.34931339784282306,0.990643476291427,0.9942391278575147,2.0
2024-01-19,0.1525837858175103,1.0,-0.4629674902744205,1.0,1.0
2024-01-22,-0.4237488905349985,0.13864711537921082,-0.14276658477614979,1.6840336566132499,2.0
2024-01-23,0.39008417523363187,0.28743228277351834,-0.23859617126056312,0.1634345803592746,3.0
2024-01-24,-0.24403349323831014,0.8202485394088216,-0.3225782815879491,0.49519831660272884,5.0
2024-01-25,-0.3215362965527634,0.0413159498961792,0.26121106071883693,0.49118141729603915,2.0
2024-01-30,2.147845366033967,1.0,0.6990286228125963,1.0,1.0
2024-02-05,1.5063700454334463,0.46349197155947147,1.1106681483598642,0.8486074439872354,2.0
2024-02-06,1.0449156121188188,0.6695146610592594,0.5753887749825529,0.27452264083811634,6.0
2024-02-07,1.198468656783989,1.0,0.5236650870226273,1.0,1.0
2024-02-09,0.3041811280761703,1.0,-0.011856973806110662,1.0,1.0
2024-02-10,1.4417054933241271,1.0,0.4629055917307675,1.0,1.0
2024-02-11,0.5018283615239734,0.5573685744390738,0.4355618892771213,0.06814841184933766,3.0
2024-02-12,1.2357087801457542,1.0,0.5914758456815544,1.0,1.0
2024-02-13,1.015489305560603,1.0,0.14983353874972566,1.0,1.0
2024-02-15,-0.06016964712496961,0.009188173150871006,0.156826443046047,0.20247798601747716,2.0
2024-02-17,0.5997552287956776,1.0,-0.7498808849768425,1.0,1.0
2024-02-19,0.23540763641849569,1.0,0.8244921281820898,1.0,1.0
2024-02-20,-0.01332580036492435,1.0,-1.7248584029258631,1.0,1.0
2024-02-21,-0.45731645090603584,1.0,-0.8139864802819151,1.0,1.0
2024-02-22,0.0,1.0,1.6653345369377348e-16,0.9999999999999998,2.0
2024-03-04,0.49604009731496607,1.0,0.390710661703609,1.0,1.0
2024-03-17,1.3342761491554767,1.0,0.29839299207919523,1.0,1.0
2024-03-18,0.043680360489179434,1.0,0.7013361281072455,1.0,1.0
2024-03-20,-0.31654180858039727,1.0640771829085052,-0.4925187039620141,0.4402486238683539,2.0
2024-03-21,0.3637877146887716,0.29390917783247433,-0.3747066022123082,0.01774530287712123,2.0
2024-03-22,-0.7071067811865475,1.0,0.7071067811865477,1.0,1.0
2024-03-25,0.21264213454454947,1.0,0.06446723773944783,1.0,1.0
2024-03-27,0.031194159404508325,1.0,0.11524153869282948,1.0,1.0
2024-03-28,0.03739035834225884,1.0,-1.2866255096891637,1.0,1.0
2024-03-29,-0.6357061748275817,0.4129371824271183,-1.3765942821232708,0.7667761496801968,8.0
2024-03-30,-1.7971027020052173,1.0,-0.9817087983618635,1.0,1.0
2024-03-31,1.1299069831625583,1.0,0.5531364946381783,1.0,1.0
2024-04-01,-0.7416907903036907,1.0,-1.6014322686027829,1.0,1.0
2024-04-04,-0.8885072133530589,1.0,-2.009779751783318,1.0,1.0
2024-04-08,-1.0400653726492193,1.0,-1.113184862049081,1.0,1.0
2024-05-02,0.3638043357167168,1.0,0.941464581558486,1.0,1.0
2024-05-04,-0.14771789960150858,0.46398202861881255,-0.1781366037833584,0.3035951082019545,3.0
2024-05-05,-2.1499254306495104,1.8255875128672683,1.2743721525970515,1.1770798311163262,2.0
2024-05-06,-0.7909144233880525,1.0,0.6239837472027865,1.0,1.0
2024-05-20,0.25,1.0,0.4,1.0,1.0
2024-05-23,-1.0614384185924541,1.0,-1.633231107386485,1.0,1.0
2024-05-24,-0.44390734781587005,1.0,-0.39888474090894654,1.0,1.0
2024-05-25,1.8632116528157527,1.0,0.933609385439411,1.0,1.0
2024-05-27,-0.7455148862850068,1.0,1.1352846464541877,1.0,1.0
2024-05-29,-0.7724573867804558,1.0,-0.5978363714515279,1.0,1.0
2024-05-30,1.1629342406855336,4.597071125957722,0.3667351121687663,0.9098851962636854,2.0
2024-05-31,-0.3369808234946424,1.0,-0.16159250009838239,1.0,1.0
2024-06-04,0.4983715880065376,1.0,1.099989724854021,1.0,1.0
2024-06-05,0.056249999999999994,1.0,0.65,1.0,1.0
2024-06-11,-0.6251724199473566,1.0,-1.3185246656607623,1.0,1.0
2024-06-12,0.805974995492054,1.0,0.21374384426209284,1.0,1.0
2024-06-13,-0.7660557528780617,0.9221437733095991,-0.19409914990760105,0.9152205263612114,3.0
2024-06-14,-1.9145099065282165,1.0,0.07278064070363253,1.0,1.0
2024-06-17,0.2585092609850539,0.780112393154642,0.30975770168344924,1.167743000367219,3.0
2024-06-19,0.36360652902566587,1.0,0.6367702856376497,1.0,1.0
2024-06-20,0.20409318006399801,0.08372376266494387,-0.12236334839247393,1.3950979338874556,2.0
2024-06-25,0.18388329629911093,1.0,1.8820201245246013,1.0,1.0
2024-06-26,-0.16737070958632136,1.0,1.8659099651729776,1.0,1.0
2024-06-27,0.5625053055668081,0.5635391390328214,0.4724005766988236,0.1607833322150486,2.0
2024-06-28,0.5151747717748456,1.0,1.389304260246234,1.0,1.0
2024-06-29,-0.16357504421083657,0.8936345701047095,0.13666366195915292,0.6687403964179656,13.0
2024-06-30,-0.15388177141798617,1.0140409533852606,0.23422456606514633,0.7022597655753295,11.0
2024-07-01,-0.8278633103168161,1.0861996667855633,-0.27965387290449323,1.2610921714122882,14.0
2024-07-02,-0.6184125865650397,1.3877241261048372,0.3704355891482886,0.8854650478685926,21.0
2024-07-03,0.3612733291674695,0.7300969535611069,-0.13942790261385188,1.070922857984735,11.0
2024-07-04,-0.35919436913399455,0.6642930248212799,-0.6382743216488823,0.2597720531214177,4.0
2024-07-05,-1.1777295449814977,2.586645292472682,1.035062371054006,1.5269066620472227,3.0
2024-07-06,0.7709325526669207,0.10459342624239747,-0.22105032795611335,0.24507490529300674,3.0
2024-07-07,0.23138311283055,0.3926904624260859,0.4255485127850955,1.4413133822491977,5.0
2024-07-08,0.4799062597230154,0.5938661684877665,0.4700792074668108,0.6862791282321693,8.0
2024-07-09,-0.004698097323560996,0.8792661223021223,1.24921200192008,1.0252354325362025,4.0
2024-07-10,1.0031676307758552,1.6204846633441286,0.09189091764548933,0.7855376461756002,4.0
2024-07-11,0.971332676495578,1.6894481345414905,0.9039867773708238,0.823426204036355,3.0
2024-07-12,-0.22320403038680436,0.0241668002958708,-1.3405971841496096,0.8795440303378631,2.0
2024-07-13,-0.7504339405821314,1.320546342871403,0.8419707008046745,0.7271786054209023,2.0
2024-07-15,0.02316730594192497,0.3483885251522768,-0.3184207938827156,0.886770686460106,5.0
2024-07-16,0.06074541004859151,0.4729748217648686,0.4634127588356381,1.4246217406437578,6.0
2024-07-19,0.7192640786963279,0.43723962647265474,-0.7171614636985638,0.15180683283019125,3.0
2024-07-20,0.21528950699946264,1.0,-1.457328001833824,1.0,1.0
2024-07-22,0.3491264772813411,1.0,-0.3099460312664026,1.0,1.0
2024-07-24,0.35782713115680226,1.0,-0.2732233605530269,1.0,1.0
2024-07-25,-1.5657566409589088,1.0,1.5835880261768767,1.0,1.0
2024-07-29,-0.48797841353516325,1.047290019673083,-0.1763465713514874,0.1272822145481957,2.0
2024-07-30,3.262137441610239,0.0659885702892663,1.4675377303480754,1.5806664273827737,2.0
2024-07-31,-0.236330412541414,0.0281430757732429,0.6579966355480351,0.528631371205017,2.0
2024-08-01,0.21867360619256296,0.14848380387673388,-0.20698767127892756,0.7897651065048189,2.0
2024-08-03,-0.10323828380798757,0.9997080476897564,-0.10269801308320278,0.6207541615024453,5.0
2024-08-04,-0.5231550794910624,1.2405598539457414,0.39477340891150636,1.2456875144599306,7.0
2024-08-05,-0.3212152106956092,1.041013271981212,0.34254953036935554,0.7510118742323255,9.0
2024-08-06,-0.6848678310722226,0.15221339521582142,-0.629135523850086,0.4862098531209403,3.0
2024-09-06,1.5254205521261925,1.0,0.11245504600116314,1.0,1.0
2024-09-08,-0.6186231045075584,1.0,-0.6148089669774469,1.0,1.0
2024-09-09,-0.7428290518080293,0.24121241564303275,-0.44840066461793954,0.16624445611985292,3.0
2024-09-10,-0.5858403562737377,1.0,-1.011437391044056,1.0,1.0
2024-09-12,0.6647945992078383,0.826849995727914,-0.5235205100496461,1.8858588120290383,4.0
2024-09-13,-0.7833030695758874,0.9499464831210784,0.4401520685773319,2.1048377815507067,2.0
2024-09-14,-0.23900317831826498,0.7822473189030351,-0.4734922568215383,0.2895647902306645,4.0
2024-09-15,0.1974548095214046,0.835408067483694,-0.1496947049818761,0.8406864383337673,11.0
2024-09-16,-0.45494857452112086,0.9125635979565364,-0.2886041766865215,0.8108088266680594,9.0
2024-09-17,0.020644787922058126,1.0745936097291975,-0.1975078904739444,0.9364274578044978,17.0
2024-09-18,0.24648430920801406,0.8035708513571646,0.4195567227208446,0.4355291583815343,4.0
2024-09-19,-0.7071067811865476,1.0,-0.7071067811865474,1.0,1.0
2024-09-20,0.9520939201864639,1.0,-0.3086762560489595,1.0,1.0
2024-09-23,0.94597282567844,0.8230269493289909,-0.11599426545677016,0.8202878668250668,3.0
2024-09-24,0.13593120558075591,0.5994488368350904,0.14177590097168366,0.443530094938795,5.0
2024-09-25,-0.44254164895546017,1.1441058526482855,-0.6308117167055097,1.165789177921172,3.0
2024-09-26,0.05006654401237624,0.7157488278230181,-0.007504601915147962,1.3038555748169736,15.0
2024-09-27,-0.02901341257593421,0.7938197751899212,-0.0010217235160345894,0.9459904200870327,15.0
2024-09-28,-0.2393668197707571,0.864652594027342,-0.682083760418975,0.7079149141619153,12.0
2024-09-29,0.07759628175826207,0.7727150595958547,-0.08069042663875194,0.8153831593630712,13.0
2024-09-30,-0.17418532678822918,0.6453630705546978,0.24917461337540892,1.025144543161476,17.0
2024-10-01,-0.10683644465656199,0.6250974526660775,0.16818054155478404,1.024949117254316,19.0
2024-10-02,-0.019881670245265465,0.9509532869086015,-0.3553627236077263,0.6210493820369671,10.0
2024-10-03,-0.2871825726097349,0.7994147268788783,-0.5016604183529064,0.5946574523750282,11.0
2024-10-04,-0.6222201938474368,0.7874183252253618,-0.33959673415764086,1.008242829487145,11.0
2024-10-05,-0.461779987104891,0.5810709920350409,0.12621951198074652,0.8216792055063078,14.0
2024-10-06,0.007528278874424792,0.3815678963238884,-0.004939365125929319,0.9441900546283649,19.0
2024-10-07,-0.6971684266580461,0.8725413216730353,0.01008370911999823,0.8132749387732132,20.0
2024-10-08,-0.2180734557408775,0.8365086099164603,-0.23618486134448732,0.8804545572500643,18.0
2024-10-09,-0.16157262660501556,0.6021827324136626,-0.1320083081759809,0.8863233146166233,31.0
2024-10-10,-0.028044761497001424,0.9488370812120327,0.23718575721189505,0.924155350966226,77.0
2024-10-11,-0.3683963967882274,1.3192759885957834,0.151607018204589,1.0407933930148263,38.0
2024-10-12,-0.31950408391555024,1.2524445748224358,0.3763232561728321,0.5235061661426722,6.0
2024-10-13,0.15731861146210402,0.8539001152164336,-0.024812040738196182,0.7017930800697132,13.0
2024-10-14,-0.2518993789189298,0.7680054625861474,0.1457312322649007,0.9480716368222079,14.0
2024-10-15,0.08414566987483665,0.9049915943958203,-0.18530091889860578,0.9785092333095103,18.0
2024-10-16,0.0770788643343365,0.8182714361474279,-0.10289114215575025,1.0175514049037273,26.0
2024-10-17,-0.1946028977281416,0.7352329912103196,-0.13223868799837663,0.7993707246037155,14.0
2024-10-18,0.19465519689604627,0.70676706083977,0.012571052317762987,1.4118481961718043,5.0
2024-10-19,0.14505713082397145,0.7020245984556509,0.0887520558106432,0.5648947591620995,4.0
2024-10-20,-0.025004316910516577,0.7334419995451188,-0.3520632930644271,1.2655039269961001,7.0
2024-10-21,-0.25107147710472527,0.6185346205048584,-0.42934549101224057,0.9683754897063486,8.0
2024-10-22,-0.005494429540582213,0.8749650504656481,0.29625522274804267,0.544621491163225,12.0
2024-10-23,0.14837753472960405,1.1513532637411856,-0.06223479737595699,1.0238655898212974,18.0
2024-10-24,-0.806919193551555,1.4199684027256887,0.407283525211788,0.3949856575458522,2.0
2024-10-25,-2.321966597306475,1.0,0.7093652128499298,1.0,1.0
2024-10-28,0.24545454545454545,1.0,0.4515151515151515,1.0,1.0
2024-10-29,-0.14607555148348153,1.0,-0.84514057385954,1.0,1.0
2024-10-30,0.7071067811865476,1.0,0.7071067811865476,1.0,1.0
2024-10-31,-0.03281235675905741,1.0,-0.6885830309356955,1.0,1.0
2024-11-04,-0.05828411035344485,0.451466793053314,-0.5793620899722233,1.3645128017714643,6.0
2024-11-05,-0.293043635204233,0.7879951390920974,0.09780467563471203,0.6081354520697378,6.0
2024-11-06,0.1331152432110604,0.7968320629280897,-0.5302875770928244,0.6359964473235749,21.0
2024-11-08,0.08622907264733604,1.0,1.884062248465438,1.0,1.0
2024-11-10,-0.6168768240533928,1.0,-1.2550945516422032,1.0,1.0
2024-11-14,-0.6188424546971573,1.0,-0.7861195226077451,1.0,1.0
2024-11-15,0.6061125383419254,1.0,0.13699082824102846,1.0,1.0
2024-11-16,-0.6910792615673137,1.0,-1.1327128835545577,1.0,1.0
2024-11-21,-0.2780454938537558,1.0,0.09735709382526955,1.0,1.0
2024-11-29,0.11426323772889681,1.0,0.5269244227848027,1.0,1.0
2024-12-05,1.0291082016448767,1.4991520528461664,1.1498205606543206,1.124382734045178,2.0
2024-12-06,-0.7626293812424899,1.0,-2.4263671203721846,1.0,1.0
2024-12-07,0.28571428571428575,1.0,0.3988095238095238,1.0,1.0
2024-12-10,1.9455020399255718,1.0,2.124059166967549,1.0,1.0
2024-12-12,0.8918364229353879,1.0,-0.48712623536686117,1.0,1.0
2024-12-13,-0.01594573910939952,0.5489953303137405,1.6517746502290986,0.9711204589254497,3.0
2024-12-14,-0.2039847137237318,0.7115220513351054,-0.34097434203663285,1.4822105389294493,2.0
2024-12-15,-1.3337232539305923,1.0471791982571768,-0.6272506430354954,0.7945102155164905,7.0
2024-12-16,0.45024500939652184,0.5265257661914042,-0.4894795577223868,1.0670405031606336,4.0
2024-12-17,0.10539443902402551,0.5256322166451018,-0.004430412682918883,0.46352697719558694,2.0
2024-12-18,-1.5140632233968834,0.0008481950774919136,-0.20443379867375716,1.2083287576269144,2.0
2024-12-19,-0.41083338355036747,1.0,0.24013677372014947,1.0,1.0
2024-12-20,-0.0069351606524930606,1.0,1.5626124794036165,1.0,1.0
2024-12-22,0.2689243949470145,1.0,1.0551064277652804,1.0,1.0
2024-12-28,-0.9170645529881095,1.0,0.04183476672759318,1.0,1.0
2025-01-02,0.5331317767766022,1.0,0.5033188493202755,1.0,1.0
2025-01-05,-0.284776250741465,1.0,-0.688928352873274,1.0,1.0
2025-01-08,0.08916666666666666,1.0,0.5633333333333332,1.0,1.0
2025-01-10,-1.1067637518486206,1.0,-0.1288974703980245,1.0,1.0
2025-01-11,-0.2655104045914405,1.0,-1.3069052076915875,1.0,1.0
2025-01-12,-1.0226825460012543,0.570782572837269,-0.14699012034475506,0.08871025666749122,2.0
2025-01-13,-0.117014236647414,1.0,-2.00751186467054,1.0,1.0
2025-01-18,-0.7813953201552175,1.0,-1.3397499423350323,1.0,1.0
2025-01-19,0.15596254199046605,1.0,0.4409019576980952,1.0,1.0
2025-01-26,0.2126421345445494,1.0,-0.529463098195308,1.0,1.0
2025-01-27,0.9629922207804759,1.0,0.22527881704230124,1.0,1.0
2025-01-29,-0.09909562450290903,1.0,0.0644672377394475,1.0,1.0
2025-02-09,-0.33526059347825643,1.0,0.775510597661337,1.0,1.0
2025-02-10,0.23693338849629939,1.0,-0.476881740486798,1.0,1.0
2025-02-11,-0.41083338355036747,1.0,-1.7675150660593044,1.0,1.0
2025-02-12,-0.46819742293939665,0.38584936214318594,-0.6359723267848487,0.7863678715894244,3.0
2025-02-13,-0.9675174063063516,1.0021681439226298,-0.324196042451115,0.7186812331958661,6.0
2025-02-14,0.08369769992096396,0.910364499324035,-0.12226091517459868,1.0956567437914388,7.0
2025-02-16,0.34017121779123694,1.0,-1.0648369221364955,1.0,1.0
2025-02-20,0.8355800552403362,0.6019381412811898,0.5684161964505803,0.3520267204741922,2.0
2025-02-22,1.5684179884382232,1.0,0.9568684805214149,1.0,1.0
2025-02-24,0.14272727272727273,1.0,0.32242424242424245,1.0,1.0
2025-02-25,-0.12148641734136872,1.0,1.8148123019072875,1.0,1.0
2025-02-26,-0.2561885248883985,0.08569440862605092,2.33978845043587,0.32017448544309157,3.0
2025-02-27,0.29913735373908407,1.0,0.9414437003649433,1.0,1.0
2025-02-28,-0.017170358767663256,0.7112462005518484,-0.5018709100433622,1.2061845629465389,4.0
2025-03-03,-0.12441724067344477,0.28674181897136874,-1.6010595645951091,0.9227208270890112,5.0
2025-03-04,0.5629966749430324,0.7061015379360327,0.8428201881657726,0.5331366595568917,4.0
2025-03-05,0.7899580174581654,0.8579775628667863,1.2025225544270952,0.7553704782645304,3.0
2025-03-06,0.17846912634696682,0.3546508052827202,0.5031703425858579,0.6461568271043107,4.0
2025-03-07,-0.7516852035788206,1.1330260538578854,0.6239511702324632,1.1041326405807748,4.0
2025-03-08,0.22378777650326662,0.5854796565221841,-0.6460452427055053,0.2906623249784376,3.0
2025-03-10,0.964106297833085,1.5637991233010515,0.327730434539385,0.0981423217149766,2.0
2025-03-11,0.7722307918701581,0.32442823823061556,0.575492243171954,1.450564261093326,2.0
2025-03-13,0.02066943504237076,0.39381310730670016,-0.040359951689630774,0.6822321416532183,2.0
2025-03-14,-0.041662644573132124,0.5345209973765092,0.7364663692285044,0.07100765103131801,3.0
2025-03-16,-0.8156876160795343,1.0,0.22579640343601057,1.0,1.0
2025-03-19,-0.6828954278099676,1.0,-0.6833830725783991,1.0,1.0
2025-03-26,-0.24575696859145849,1.0,-0.14081469290793674,1.0,1.0
2025-03-28,-0.5241925686585343,1.0,-0.9644543301475229,1.0,1.0
2025-03-30,1.7598566648852225,1.0,1.6863376097849103,1.0,1.0
2025-04-01,-1.317706864415701,1.0,0.5747454136833924,1.0,1.0
2025-04-02,1.0911758191328416,1.0,0.7483236456643241,1.0,1.0
2025-04-03,-0.12494368421817326,1.0,-1.3894925563916098,1.0,1.0
2025-04-04,1.258638251678997,1.0,2.3572968956693927,1.0,1.0
2025-04-06,-4.265045677228035,1.0,1.0431975096319313,1.0,1.0
2025-04-11,0.06873642881608705,0.5465363411585552,0.14752101680292115,0.6018648501250063,4.0
2025-04-13,-1.4508154077419515,1.0,0.11632277758162775,1.0,1.0
2025-04-15,-0.5241925686585343,1.0,-1.3659846981034136,1.0,1.0
2025-04-16,0.2756962035273528,1.0,0.6056368682798892,1.0,1.0
2025-04-19,1.1006627931421116,1.0,0.9391603132099234,1.0,1.0
2025-05-07,1.4654819595711712,1.0,1.190838140057271,1.0,1.0
2025-05-11,0.29731765849886654,1.0,-0.5897784775700696,1.0,1.0
2025-06-11,-0.07531629244884645,1.0,-0.9743634334807438,1.0,1.0
2025-06-19,0.0695624183024956,1.0,0.026023694175943714,1.0,1.0
2025-06-23,-0.25979287168324716,1.0,0.44408472578227576,1.0,1.0
2025-06-24,0.2734464139629363,1.1157831315542037,-0.38521115819749796,0.49437199852268854,6.0
2025-06-25,0.598205104402045,0.58082472878123,0.5104408631832194,0.19154230561322763,2.0
2025-06-26,1.7162229111565876,1.0,-0.24439642954030516,1.0,1.0
2025-06-28,-0.3420999793560382,0.41854218316077163,-0.7905994727447551,0.5756651366542953,3.0
2025-06-29,0.07174379809435633,0.9171070961516842,-0.33317096102806215,0.9570486602827655,6.0
2025-06-30,-0.4721521465611973,0.6595287945328837,-0.35966879421155246,0.5106582081094303,3.0
2025-07-01,-0.8432713062645415,1.0417658441551687,-0.3210793457922579,1.3883050202841851,3.0
2025-07-02,-0.5858403562737375,1.1102230246251565e-16,0.3632223859585904,1.4866360296304069,2.0
2025-07-03,-1.051575655490831,1.580850725999714,-0.9898934922598146,0.030467673847067302,2.0
2025-07-05,0.24735059479032298,1.0,-1.161801630498448,1.0,1.0
2025-07-06,-0.06363338614395617,0.18368936984771006,-1.6009695819902423,0.8816248450665397,2.0
2025-07-07,-0.9118878408642282,1.0,-0.04108931315983487,1.0,1.0
2025-07-08,-0.5821722111698577,1.0,-0.979721652598991,1.0,1.0
2025-07-09,-1.211599112385993,1.0,-0.7450700555719697,1.0,1.0
2025-07-10,0.21516184193528354,1.0,0.09221528327409081,1.0,1.0
2025-07-11,-0.11374101048039635,1.0,-1.1218992415641291,1.0,1.0
2025-07-12,-0.36788900310496714,1.0,-0.01876592938480686,1.0,1.0
2025-07-14,0.40091826526712304,0.7806863924576594,-0.3955642427080161,1.2140460120698766,2.0
2025-07-15,-0.02390563457016731,0.4028695765707282,0.515693226437788,0.9173126031165615,3.0
2025-07-19,0.816949040448435,0.4911566594004623,-0.21024947760908108,0.7673961892105591,3.0
2025-07-20,0.054781986462384274,0.6059885982601673,-0.4661144168277307,0.4824031431116928,8.0
2025-07-21,-0.6162366229868266,1.0,-1.8839760587685386,1.0,1.0
2025-07-24,-0.5699016907395541,1.0,-0.6196985259651938,1.0,1.0
2025-07-25,-0.9308001820080946,1.0,-0.840130068689199,1.0,1.0
2025-07-27,-0.21085012376937895,2.0325749283106,0.06491872017830513,1.3537200467441395,2.0
2025-07-28,-0.12148641734136875,1.0,-0.021821826598378932,1.0,1.0
2025-08-01,0.3683996676657945,1.7149303966893006,0.11972156002366485,0.2735332120209217,3.0
2025-08-02,-0.4990158934499706,0.33570979715202937,-0.5370235949642402,1.2109429468257666,6.0
2025-08-03,0.07229667936779666,0.699061050474461,-0.5639579129193553,0.4170034694801428,4.0
2025-08-04,-0.21835273166798846,0.6405874722859055,-0.1953760826918568,0.6763440066979697,10.0
2025-08-05,0.24815136884676037,0.7686820545176961,0.08404610241998592,0.8390814200487856,4.0
2025-08-06,0.6810832153781314,1.0,-1.612321133721586,1.0,1.0
2025-08-07,0.1774328289919338,1.0,-0.4858258707723199,1.0,1.0
2025-08-08,0.02604838751130794,1.0,1.9414767245628506,1.0,1.0
2025-08-10,1.2926105010996232,1.1472212177048275,0.3538212016647902,1.8576973723662569,3.0
2025-08-11,0.061749988642795225,0.879925865571125,-0.15576987666286224,0.8612133948412108,5.0
2025-08-12,0.584592377972828,0.8846039657754299,0.0028172666984688233,0.38166690764634364,6.0
2025-08-13,0.13489320643407096,0.9614301103398419,-0.09935332522757827,0.592197799831174,6.0
2025-08-14,0.6963703933297081,1.4062543204934108,0.8175937395416877,1.7487931769864582,4.0
2025-08-15,-0.008230802000964509,1.112048734515112,0.37947134595890064,0.7625528157152067,11.0
2025-08-16,0.3015423970574576,0.4491352765207629,0.8387779761368157,0.7003474311031835,12.0
2025-08-17,0.002906192511769265,0.917332201592401,0.46445072996068965,0.7841061483382452,11.0
2025-08-18,-0.2897202990490958,0.7124619466577905,0.2717737925091995,0.7953990602287734,9.0
2025-08-19,-0.168737206209995,0.8326562105549645,0.5634778787427231,1.0030112005075433,11.0
2025-08-20,-0.2990546675792677,1.0463765478608398,0.1929543745180953,0.8303508625249303,42.0
2025-08-21,-0.40005215579073644,0.2821071299010251,0.2840570754596143,1.0348259548884553,3.0
2025-08-22,-0.24116380327552395,0.6485945159241063,-0.4396242548278454,1.0285790081639805,4.0
2025-08-23,0.041917510237745564,0.6982229125509706,-1.0816935822680374,0.71671690986025,4.0
2025-08-24,-0.28455982612208486,0.09513629370319937,-0.49955240915684923,0.46101490049607446,3.0
2025-08-25,0.3034242855293473,1.545478309198641,0.13009396186854844,1.3450155755915936,5.0
2025-08-31,0.4384814553568138,1.0,-0.49226593039536604,1.0,1.0
2025-09-01,-0.08144337177463513,0.4317193990553027,0.20952035801335178,1.2613224856331207,9.0
2025-09-02,-0.05416918551647431,0.1703049689633053,1.4058569336686522,1.7274773766182623,2.0
2025-09-05,-0.41505952411052444,0.4203419431050091,0.49354440873107697,0.3124598055685219,3.0
2025-09-06,0.11111111111111112,1.0,0.43650793650793646,1.0,1.0
2025-09-08,0.5780176664925113,0.6915441105980983,-0.46520047495236166,1.552882652995946,3.0
2025-09-12,-0.7071067811865476,1.0,-0.7071067811865476,1.0,1.0
2025-09-14,0.5301130604401268,0.9370102419818745,0.4546533547626508,0.10845445665891822,2.0
2025-09-15,0.4953631919103923,0.29945065569989704,-0.030871795193226526,1.0436593114570656,2.0
2025-09-16,-0.9240800402053356,1.0,-0.7928864215834812,1.0,1.0
2025-09-17,0.05355386633581048,1.0,-0.5637034973970451,1.0,1.0
2025-09-18,0.33909703343225484,1.0,0.31351465580928006,1.0,1.0
2025-09-19,-1.1193361729439053,2.8276024136757676,0.6268747202087969,0.5427520515497004,3.0
2025-09-20,2.3252710522585898,1.0,1.3741399416038196,1.0,1.0
2025-09-21,-0.02707615013319742,1.0506215651616535,0.009606604633436988,0.6769829803946513,4.0
2025-09-22,0.17842242328390628,0.8114428192153648,-0.07076314589848799,0.7845571115248373,20.0
2025-09-23,0.590987373207335,0.6109477358331425,0.0025567662986018674,0.8413623721844014,24.0
2025-09-24,0.39420136376075277,0.7361447247026315,-0.029380908314270628,0.9203311033408733,34.0
2025-09-25,0.18546197963369979,0.9069872327048503,-0.1987820216909083,1.2314218824218426,13.0
2025-09-26,-0.45513461413498285,0.7695820660434379,0.41550194303068694,0.8065728429650019,14.0
2025-09-27,-0.2429258156213361,0.4669950903081249,0.30939912105183903,1.1359707323712405,8.0
2025-09-28,0.18559963029677884,0.5678708609900059,-0.3728795251204915,1.0599830977125133,9.0
2025-09-29,-0.20982794116960587,0.8113203416429235,-0.38361401111793636,0.9240969625954107,13.0
2025-09-30,-0.035057333960146604,0.7282058662225697,-0.24138027101643503,0.761410456674623,6.0
2025-10-01,-0.4659949130205324,0.7077446515497746,0.16693428699170137,0.9739882318778538,4.0
2025-10-02,-0.09751847709487065,0.5850949750857957,0.10722073794885689,0.9535823981077864,3.0
2025-10-03,-1.154974185238349,0.6912360618545373,-0.3432013604891921,0.32926942059798536,3.0
2025-10-05,-0.0063263901277497885,0.779107723314847,-0.0992102533186698,0.4006946435744579,3.0
2025-10-07,0.2441680177371035,0.9938134767569623,-0.30802381362293424,0.7086871440500899,5.0
2025-10-08,0.38110698161426,0.8760644749361902,-0.34389498543788743,1.0917335477513832,6.0
2025-10-09,-0.7058093231593637,0.9363963712267307,-0.2502148269769808,0.8997876933086628,9.0
2025-10-10,0.17836958199596867,0.7758470327637231,0.2007020190292049,2.048938654404972,4.0
2025-10-11,-0.38634764793638865,0.45910357093824405,-0.352126053808678,0.6630815615053859,4.0
2025-10-12,0.7819336879978561,0.40950075220526105,-0.022534772917181794,1.0494692566306614,3.0
2025-10-13,0.4483677552744045,0.8804924045144096,0.10353993182248879,1.250867237635592,9.0
2025-10-14,-0.49886676617099796,0.5288425359475535,-0.1942167559487879,1.0612127810916967,7.0
2025-10-15,0.8334324126608791,1.0668614191560084,0.1578674195938243,0.7833205204594489,6.0
2025-10-16,0.5766483060107044,0.7953288857228611,0.2696238125399989,0.37560953249952883,5.0
2025-10-17,-0.5599185678932345,0.49669088817914564,-0.3145563558456176,0.8539092683286352,7.0
2025-10-18,0.6441842118679716,0.856634512671282,0.5622030093191677,1.1535644432241485,5.0
2025-10-19,-0.37582464125645454,0.8498987469936966,-0.2543616370422994,0.9039769385734497,6.0
2025-10-20,0.5013778138090593,0.882171286070431,0.14021414208204663,0.40219273361860725,8.0
2025-10-21,-0.25787694318154186,0.9825739704098804,-0.3946611623321351,0.916397988505396,13.0
2025-10-22,0.24858834270757355,0.628811265088927,0.1678804087737448,1.016289681815911,10.0
2025-10-23,-0.2945839617092703,0.680595542324748,0.8708643888428422,1.0387422152882846,18.0
2025-10-24,-0.27097892566700077,0.7303293832911855,0.02402535568142458,0.6885862069043897,16.0
2025-10-25,0.22182158788897718,0.9813099232547383,0.27803642371706994,1.0099889693754456,14.0
2025-10-26,-0.34953001225065233,0.9466244788322834,0.2504125013784527,0.8610215892711934,21.0
2025-10-27,-0.09501942556236312,1.0769874306426412,-0.27145046241565285,1.1709040268667494,51.0
2025-10-28,0.1270010805861886,1.20787981395644,0.33875605541471787,0.96596663649906,67.0
2025-10-29,-0.046277340481200656,1.2717399499360205,0.007222446664570932,1.0021528339159194,42.0
2025-10-30,-0.02494124051111191,0.9568534521249247,-0.2322716219064726,1.1023346124252698,46.0
2025-10-31,-0.14716959184145054,1.1026898925011357,-0.06840667750206814,1.0926878496982135,32.0
2025-11-01,-0.08093411222844281,1.0834779345543823,-0.09980937437205792,1.1322729397046094,23.0
2025-11-02,0.05872899865202126,0.8533329757100515,-0.06126851495905745,0.9786430017758678,19.0
2025-11-03,0.33242699235961953,0.9680374168783363,0.16140557279844103,0.8859644342564181,15.0
2025-11-04,-0.24127963304481267,0.7461557956546951,-0.22577151198297443,0.728769850646663,35.0
2025-11-05,-0.6676236273208511,1.158630065707931,0.034110362387470596,0.6894932061845599,21.0
2025-11-06,-0.3536295083252719,0.6883031144981427,-0.5509965059579595,0.5052400011395836,34.0
2025-11-07,0.07161097505522447,0.9656308568171549,-0.0360397825876573,0.6273751284333112,14.0
2025-11-08,-0.08661343068697275,0.40219229417100877,-0.07269695350995997,0.3950984574720864,6.0
2025-11-09,0.5755372679466454,0.49053815855958033,0.29831546584729285,0.3699183280148508,8.0
2025-11-10,-0.43942887654064755,0.8303620433772723,-0.013676696719105607,0.8314988898528262,29.0
2025-11-11,-0.2141650935738354,0.9067755421696148,-0.3606997837627577,1.011571853805283,48.0
2025-11-12,0.4618291979543454,0.8394353014640322,-0.22814839254595315,0.7224647232897915,16.0
2025-11-13,-0.07000323712785439,0.9252092982980059,0.00023529994064108717,1.0150996447661607,8.0
2025-11-14,0.31052618820223044,0.7963154968622211,0.26635517746692394,0.5099536621202351,4.0
2025-11-15,-0.1841150133340341,1.0,-0.8808021701567122,1.0,1.0
2025-11-16,0.17992424242424243,1.0,0.6761363636363636,1.0,1.0
2025-11-17,0.3367499870860802,0.9191009978717241,0.19304575397768944,0.8195015258791648,5.0
2025-11-18,0.44073820959920984,0.9619933470165062,0.3021273532233843,0.7668737904875265,11.0
2025-11-19,-0.07526239237859177,0.5848242816360469,0.22956693985448384,0.9171485891572371,8.0
2025-11-20,0.09818329262720588,1.3101469882219976,0.38948981207627287,1.1419924291037924,8.0
2025-11-21,0.3223235704432854,1.0237371000745106,0.055050604014632736,1.012083613621866,14.0
2025-11-22,-0.3592760711544163,0.5264337749967399,-0.4575449252333528,0.8094624281602268,8.0
2025-11-23,-0.07059788010638347,0.9982663985041965,0.33030981858191755,0.8129913057642797,7.0
2025-11-24,0.6601124679053123,1.0649902719305095,0.5230720929319463,1.2513243741223279,10.0
2025-11-25,-0.04139913254026381,0.9479260437653543,0.039942891713348624,0.8766582888198167,9.0
2025-11-26,-0.40080664488039675,0.533752732357967,0.06567347445227908,0.5345604678827967,8.0
2025-11-27,-0.3613568308647149,1.7635346394020242,0.9676280739333881,1.3575809101009797,5.0
2025-11-28,-0.5075637836855014,1.635346098585768,0.8631799769631908,1.6564099539764816,4.0
2025-11-29,0.24242784286240524,1.0021164442451873,-0.1836439673467288,0.7137453463057077,9.0
2025-11-30,-0.22221779559775523,0.9949850976519657,0.023236104015991025,1.2938376841895105,11.0
2025-12-01,0.2361831534970244,1.0079460047850162,-0.1506209375935812,0.7472328406365493,19.0
2025-12-02,-0.21145444898057283,1.279093314047037,0.15856066236961858,0.90611544260584,10.0
2025-12-03,0.17148258393441704,2.0105206423758415,0.33151827841568093,1.2481694441336937,6.0
2025-12-04,0.7628222662859535,1.004868794810455,0.7701028552099907,0.5834014163207425,2.0
2025-12-05,-0.15586563949489957,0.7173492105455515,0.051813638538605565,1.0201670222672403,10.0
2025-12-06,0.5541706280991274,0.77686317296457,-0.2527059811543661,0.8574382369134587,5.0
2025-12-07,2.2417098902852444,1.0,1.123992692286805,1.0,1.0
2025-12-08,-0.2532405101673984,0.5150785843269345,-0.4379923698083443,0.8712485577731344,6.0
2025-12-09,-0.5180699263861911,0.31772465620674795,-0.8225947591915921,0.08451181049695498,2.0
2025-12-10,-0.22285565465036927,0.8313442788297135,-0.17796875585537583,1.160278896893421,7.0
2025-12-11,0.13891694662262563,0.7481524771305328,-0.5652597014969761,1.1620294867098495,13.0
2025-12-12,-0.07185249953332727,0.7877177833547642,0.03811535228958719,0.9147276346443777,9.0
2025-12-13,0.2310792918442254,0.5398836619766878,-0.26799450872322195,0.6950345376809232,3.0
2025-12-14,0.0715594723194776,1.0358998115744324,-0.3955946288682787,0.8346621040868889,5.0
2025-12-15,0.6385339904114018,1.0078128554183559,0.23715035081456373,0.8099452566266946,10.0
2025-12-16,0.6920863972897644,0.6911741254372663,0.05153777213250343,0.9520967675913519,12.0
2025-12-17,0.8456975219516357,0.8002152287569886,0.10621716611400024,0.923438738519405,7.0
2025-12-18,0.512132742269974,1.1339417998110215,0.10682910270858531,1.1611443922659916,15.0
2025-12-19,0.60646991780945,0.9238895466844909,0.24334774838162523,0.5855228832454882,6.0
2025-12-20,-0.16095221431002948,0.8002426270975195,0.25720699267606595,0.732671795462014,4.0
2025-12-21,1.1671940446152629,0.24491884858750881,0.07472917900636566,0.5694734833991213,2.0
2025-12-22,0.08011125955431019,0.8380697224378834,-0.006522429323128372,1.2337971273257484,9.0
2025-12-23,0.2560504947403914,0.12640782191868652,0.5312223117167312,0.09129546875754488,2.0
2025-12-24,0.3040228753288312,0.6099335170617523,-0.47603950509651394,0.6431274619605992,9.0
2025-12-25,0.1328245237815249,0.5071868417432447,-0.42109470523156406,0.7104393357023737,4.0
2025-12-26,0.5036710127225721,2.553806347647183,-0.16688103381065877,1.3572797905110696,2.0
2025-12-27,0.0005447908901082841,1.0,-0.2369684182963081,1.0,1.0
2025-12-28,-0.17465716798844788,0.013375413158555293,-0.9334689940640789,1.8893313817445052,2.0
2025-12-29,-0.11595623228519973,0.9285522956183655,-0.1157084459917267,1.1449659615857668,8.0
2025-12-30,-0.46831798842361044,1.025278956659534,0.46625142985993423,1.1350385654962047,14.0
2025-12-31,0.03307381283194793,1.0973824673998636,0.5519970594821735,0.8375952915471835,6.0
2026-01-01,0.7982630957046715,0.6244826229499313,-0.05450884786545302,0.6811596713206125,7.0
2026-01-02,0.11992568453327791,1.0,0.3457557430242011,1.0,1.0
2026-01-03,-0.6360614252233654,0.3045653040519479,-0.2151682927631745,0.5425770214738139,2.0
2026-01-04,-0.31515693688701224,0.2607631871100607,-1.1157385248785707,1.3679012864245885,2.0
2026-01-05,-0.35893749363284577,1.1279404034105005,0.9674282361473081,0.9420466049564974,4.0
2026-01-06,-0.3065935322300464,0.6282390776486478,-0.6267320235761451,0.9085233107796057,4.0
2026-01-07,-0.37369769723225305,0.7910866240038279,-0.0011962280638343527,0.7161760487739209,12.0
2026-01-08,0.041765470316956134,1.3986591600191063,0.3976979805732342,0.6074273022498722,12.0
2026-01-09,0.012789996911600631,1.7612024370404455,0.42933387089574,1.2848297784988987,10.0
2026-01-10,-0.18516414726625335,0.5891337205923395,-0.20345328404774923,0.764933183619578,9.0
2026-01-11,-0.15779140869047673,1.155996660978065,0.5012585163801948,0.7820214493638993,5.0
2026-01-12,1.4256509344912205,1.55099912245698,0.45833806126042953,1.5642181430298783,2.0
2026-01-13,1.0761596676158507,0.46059945565697613,0.15201365324109758,0.8715779881081549,4.0
2026-01-14,-0.6320365890460021,0.6545274772286923,-0.20342764335378752,1.1220075172272417,5.0
2026-01-15,-0.6286739100503924,0.794249643755979,0.26693888202775695,1.0367385398998357,6.0
2026-01-16,0.20960371915207412,0.5795367012762171,-0.19132327939173455,0.7332107139310413,7.0
2026-01-17,-0.3804868875950113,0.6389852377962526,0.07127653946021954,0.6006796629602741,7.0
2026-01-18,-0.15975871132389027,0.17579508461803678,-0.7263593530352486,1.16065775363898,3.0
2026-01-19,-0.4911330088162431,1.263451510154066,0.4421440608897822,1.0149550305163566,8.0
2026-01-20,0.03668275065792186,0.9417708846114369,-0.299593076683346,1.0403251201289028,11.0
2026-01-21,-0.05708549115190087,0.8709231695624216,-0.07347094472072495,0.7791002990256857,9.0
2026-01-22,0.5522639534245282,0.970356958809641,0.8144286619397714,1.064240027850568,13.0
2026-01-23,-0.04536026124731966,0.6380540802511884,-0.2485698785683621,0.8475147427041064,12.0
2026-01-24,0.19757476484531566,1.022553032904047,-3.9683812769155065e-05,0.667015471479238,6.0
2026-01-25,0.15596254199046605,1.0,0.8926236216484722,1.0,1.0
2026-01-26,-0.1755447090978123,0.5087662101033731,-0.09617095566926048,1.5823672792300045,6.0
2026-01-27,-0.11386957164226064,1.4369238953059653,0.42916920439105727,0.6469552347831705,8.0
2026-01-28,0.2105449264328637,0.7881562579757717,-0.3164809237310117,0.9990841709405284,3.0
2026-01-29,-0.022985553968906468,1.1417831792310724,0.09797351303241719,0.7598252619006914,5.0
2026-01-30,-0.5586174551070914,0.6944630762762649,0.6576309622016645,1.3555814715959265,4.0
2026-01-31,0.4694242391722062,0.5493440242996332,-0.20291828545134766,0.2148310166080911,2.0
2026-02-01,-0.8644419375246317,1.7182782715745162,0.5012427457306801,1.0725688374336337,4.0
2026-02-02,-0.117014236647414,1.0,-1.0041305286801137,1.0,1.0
2026-02-03,0.35028293411675715,0.9096474057094709,0.16556950762207756,0.2451013123205944,4.0
2026-02-04,0.5629675936024593,0.6613492853112676,0.35393238147253037,0.9076180588352332,3.0
2026-02-05,0.019333361223929202,0.528942038564674,-1.0816708653199325,0.17143116932317956,4.0
2026-02-06,-0.1462792866516536,0.8272661346225123,-0.6462094666984124,0.5307218672526112,7.0
2026-02-07,-0.25625267658468565,0.10201806172697464,-0.3621587782136865,0.28392484603394025,2.0
2026-02-08,-0.5238973360102629,1.4391987391524697,0.20038588966818588,0.5181602535782661,5.0
2026-02-09,0.5074893334019147,1.8698110050705588,-0.15050193353557295,1.6839623563182027,6.0
2026-02-10,0.16443583976460602,0.81099370836873,0.12277199778935433,0.6770164348158136,8.0
2026-02-11,-0.4416068742165084,1.2097500250515745,-0.14701279247540144,0.8329105346759591,12.0
2026-02-12,0.17994211199281882,1.3042139365481584,0.2638895202455101,0.8207566171938918,5.0
2026-02-13,-0.45293837382174945,0.6298378520690459,-0.03052447861776378,0.42779136565465536,2.0
2026-02-14,0.11666666666666667,1.0,0.38095238095238093,1.0,1.0
2026-02-15,0.3478610386970644,0.7513187103677472,-0.7197729446527187,0.11659788136782731,4.0
2026-02-16,-0.3113363811987515,0.23116358830433115,-0.2821866693651882,1.28011083961864,2.0
2026-02-17,-0.13043619496049585,0.9472560915447594,-0.13324819107145255,0.9716203114979414,8.0
2026-02-18,0.5303264345139983,1.5918536401087946,0.5004386796768002,0.935824639413473,6.0
2026-02-19,-0.36292116073787445,0.6947983264809247,-0.09459675201990368,0.5055451254906548,7.0
2026-02-20,1.3639673329010638,1.0,0.26920298651566527,1.0,1.0
2026-02-21,-0.5698317086829069,0.3216591500902368,0.3529888871086937,0.8452971825155021,3.0
2026-02-22,0.4877563365757375,0.6153652977738548,-0.36833343238605093,0.5355403493904672,3.0
2026-02-23,-0.1397911447291367,0.8176316454778987,-0.07945522718099826,0.6972230909958037,9.0
2026-02-24,0.1381171581984318,0.6898920775002392,0.5162159284231189,1.0720002517237837,7.0
2026-02-25,-0.36848888756354004,0.9040497887393176,-0.04971878710735732,0.8009692569402416,4.0
2026-02-26,0.2988955965909091,0.1560231922998718,0.5337752525252525,0.16584252302522756,3.0
2026-02-27,-0.18165549542879691,0.5960312942960582,-0.143336254317593,0.7418071206221744,5.0
2026-02-28,0.5187119343365996,0.35269101339896947,1.0933888056264178,0.49686848055939464,2.0
2026-03-01,-0.46486331864880526,0.14932646617430853,0.9140322264696823,0.7197941053864909,2.0
2026-03-02,-0.2024476580149399,0.39528256900759134,-0.6307445145269621,0.7369512342743509,3.0
2026-03-03,-0.3855930011196699,0.7018547008674437,0.24837503705674946,1.5581249540750628,5.0
2026-03-04,0.0033478513766021143,0.44411967416762294,0.3871064508371193,0.7629850694267064,6.0
2026-03-05,0.00743635955644197,1.1367530779228225,-0.7308183987812736,0.3135564698722093,6.0
2026-03-06,0.2053756751281613,0.5508230140412707,0.9659913534472534,1.0832983601674804,2.0
2026-03-07,0.2508667455462718,1.2070083298718344,0.15746014601345407,0.10570552328278099,3.0
2026-03-08,1.744136881305752,1.3295875940931596,-0.016471907753599524,1.2540763717372962,3.0
2026-03-09,0.5363920087176623,0.8303010742285037,0.047570257109691386,0.5628489800792701,5.0
2026-03-10,-1.283039693065432,1.0,-0.6012506602592822,1.0,1.0
2026-03-12,0.2874374126939501,0.5290501576741363,0.0057776719941063925,0.7651412743375303,4.0
2026-03-13,0.06011970177334114,0.6598013583192055,-0.19367352988176753,1.1777715917534397,4.0
2026-03-14,-0.3046397911429685,1.6378890051661623,0.39826380731956634,0.44800913124936487,3.0
2026-03-17,0.1336111182030143,0.09172747303338728,0.2841734802071924,0.4171833650986437,2.0
2026-03-18,-0.23847492825771321,0.5371349745906084,0.30210789776623476,0.9133475289076058,3.0
2026-03-19,-0.8307650131171016,1.9644977771116856,1.0151457705897868,1.3783665725887642,5.0
2026-03-20,-0.08547502680347883,1.623940892845218,0.5611549581881435,0.9499246095058113,3.0
2026-03-21,0.025000000000000005,1.0,0.48124999999999996,1.0,1.0
2026-03-22,0.5383006454713891,0.4959711867526617,-0.27105861263562964,0.7851167408948937,3.0
2026-03-23,-0.17792241783797244,0.5062042593274583,0.1711629890157728,0.5685097818188491,3.0
2026-03-24,0.16208208813755906,0.7411728935559798,-0.21525346507029755,0.7901458531022352,6.0
2026-03-25,-0.6368508342411635,1.2498251894794172,-0.020655598927667496,1.1815163922457221,4.0
2026-03-26,0.6379203135337246,1.2581734648034584,-0.27825506250387655,1.1100092039756135,8.0
2026-03-27,0.42693701541338935,0.5524828405404695,0.1988448979683143,0.49919866475206975,6.0
2026-03-28,0.19855540888396772,0.9417276962259303,-0.3835938699130277,1.1660131815276793,2.0
2026-03-29,0.2935405887780605,0.7596066489794637,-0.17558859862862924,0.7794104587907859,7.0
2026-03-30,0.0773874787283155,0.6490563922733723,-0.46313633842936236,1.013272464055128,8.0
2026-03-31,0.39619605416485415,0.9927708106263481,0.09975598700801051,1.0618835641378654,4.0
2026-04-01,1.0620263143907416,1.0,1.2066777308711154,1.0,1.0
2026-04-02,-0.04723246727841405,0.570368246512307,-0.4616067493628753,1.2131063853415083,3.0
2026-04-03,0.3442649342099841,0.7657388851324048,0.5172020317272775,0.767179004538863,4.0
2026-04-04,0.39291450313931525,0.5245867148422674,-0.5610145190016272,0.5564593317316456,3.0
2026-04-05,0.5556453106335668,1.0379041779334144,0.7108875433827834,0.3344964692482052,2.0
2026-04-06,-0.20505315043185804,1.0041761340992297,0.6778714704612165,0.8294593087281018,4.0
2026-04-07,-0.13527074618909832,2.1247161809097705,0.11886282117432032,0.7974494592002738,8.0
2026-04-08,0.411537055456994,0.7602687671518524,0.8025275756689765,1.5765587201163633,6.0
2026-04-09,-0.2908543646750915,0.4067646667685771,-0.18445916319643382,0.8541369300770651,7.0
2026-04-10,0.07771711815791647,1.190122913149721,-0.3131465771244795,0.7765702927490683,11.0
2026-04-11,-0.017324593552507962,0.16592203140186773,-0.28422164362723584,0.7555034937308832,2.0
2026-04-12,0.253118542245244,0.5099669046696652,-0.3526968460105078,0.5640102189939314,6.0
2026-04-13,0.1850559500315913,0.88894703374493,0.3754874189975885,0.5311732668489685,14.0
2026-04-14,0.3999475870004856,0.9399366612745585,0.2935016406953879,0.7731911826439519,18.0
2026-04-15,0.35372176660829235,1.0649336214755885,0.396438085239895,0.6331507742910386,11.0
2026-04-16,0.6515110893798317,0.9667346677758776,0.252996514745491,0.42364997820920675,8.0
2026-04-17,-0.45351025615599516,0.7638888313108411,0.20377202302046457,0.5478011635450654,6.0
2026-04-18,1.3249199110126206,1.0,0.6096095287090826,1.0,1.0
2026-04-19,-0.2659542594935639,0.4451808073164153,-0.1009457813707455,0.9968533427406412,3.0
2026-04-20,0.07097646747320249,0.5955743895063829,-0.09783667485129197,0.9794314021754589,4.0
2026-04-21,0.4614725107081541,0.6083095373542726,0.8774962675700858,0.8669690780463152,8.0
2026-04-22,0.20688699137750033,0.5959549827021663,-0.2574856018796927,0.7808670382712003,6.0
2026-04-23,-0.18336735347459138,0.6028483396346307,-0.6861695050848442,1.0395623151231765,5.0
2026-04-24,-0.21665913022070368,0.4665348368077983,-0.10783628768072855,0.6442914287748827,6.0
2026-04-25,-0.8052080515994673,1.0983723062382633,-0.08565828807218771,0.835278278613786,6.0
2026-04-26,1.014636860975845,0.3185523989170975,0.22708319521867157,0.9313884600050435,2.0
2026-04-27,0.3739189687956144,1.2564291207539537,0.618842576978596,1.0325623265883817,14.0
2026-04-28,0.4320956042935056,0.851540827521818,-0.2615254431205416,0.8521173053620598,13.0
2026-04-29,-0.17945125145157892,0.7385708066052122,-0.26278852345312387,0.9160139760337079,4.0
2026-04-30,0.39732219213970765,0.9430107013451322,0.20764571523460953,0.5415123311860072,3.0
2026-05-01,-0.18492376514292233,0.48804186875908545,0.2758727700280962,0.8891769752948993,4.0
2026-05-02,-0.6944581066152699,1.0,-0.5959372584852574,1.0,1.0
2026-05-03,-0.5224304064368734,0.5619532955850749,-0.1495971169722768,1.1276763378863128,4.0
2026-05-04,0.07545479424990775,1.26155478483973,-0.5392277242550271,1.268202528341332,8.0
2026-05-05,-0.18221279000815954,0.8503681529655035,0.10501503119727021,0.6625954890436535,5.0
2026-05-06,0.2441042265690203,0.8473993175975956,0.14674308441889086,0.4810909243345725,6.0
2026-05-07,0.20802966622479124,0.8755450571270765,-0.021080261231721645,0.8474843268051585,16.0
2026-05-08,-0.336064448271738,0.8198647502830593,0.1088035853282492,0.7321220947529822,8.0
2026-05-09,-0.5814849564998029,1.3539871064897602,0.06474349419688841,0.5278597369463719,2.0
2026-05-10,0.5973019177558265,0.7230362776735122,0.12145079839723905,0.48964892604582894,2.0
2026-05-11,0.5472201449737475,0.7697372812552535,0.47823804206451703,0.3295635793847031,4.0
2026-05-12,0.01048346655254393,0.9000034810232033,-0.32300433780506743,1.0573277158360397,10.0
2026-05-13,0.22407612833985788,0.3418458040089595,-0.29733023636568,0.49337838778121845,5.0
2026-05-14,0.04724808317067612,0.845943860623942,-0.11379302687429318,0.9399728140641043,7.0
2026-05-15,0.12391028048959052,0.5734981463772897,-0.2803254118835625,1.23021322894984,4.0
2026-05-16,-0.5604963181532089,0.5678922517276469,0.15985141950194084,1.2759778626909988,5.0
2026-05-17,-0.05800739651200113,0.23896918211162704,-0.15801826602158514,0.7538511152660143,2.0
2026-05-18,0.2510610065211136,1.0066633264543545,-0.34872436956445096,1.054099193237769,4.0
2026-05-19,0.4998349681573869,0.41755789671527643,-0.3812236970582747,0.5192386138630978,4.0
2026-05-20,-0.859501263765171,1.4391419065931774,0.165277773771224,0.7888212910007139,6.0
2026-05-21,0.17782915946474562,0.9560552756785632,-0.11442227407118348,0.8454907837753745,28.0
2026-05-22,-0.06821169797620079,1.2627710620015153,-0.07894017837234724,0.6241155673771848,8.0
2026-05-23,0.013697345026974705,1.0,-0.890272810656785,1.0,1.0
2026-05-24,0.06487825599846081,0.9082482904638629,0.8820370285730675,0.24738872832329736,2.0
2026-05-25,0.3870388458124402,1.3091417722926166,-0.6386019691815277,1.2622122874348454,4.0
2026-05-26,-0.5244990969706822,0.8169998052747258,-0.44046377783467267,0.6529575069936313,9.0
2026-05-27,0.7916939607460666,0.9272518207316068,-0.1551458272134723,0.5934687781743536,5.0
2026-05-28,0.06288177547844041,1.0998187737037803,0.19111769182850905,1.0554814402091732,9.0
2026-05-29,0.15712609992728568,1.2798470255602672,-0.5499684884949628,1.098206857581202,8.0
2026-05-30,-0.15694659208256603,1.5529535337939449,0.7473257177648284,1.0509268356901529,5.0
2026-05-31,1.0834822165206464,0.06809348083297115,0.32991424571746375,0.9949107339177206,2.0
2026-06-01,0.4182669609365784,1.1605241559367767,0.31946553550257545,0.7882508535097955,21.0
2026-06-02,-0.21123747492247053,0.8475458288045089,-0.5142621785495352,1.061547273497136,13.0
2026-06-03,-0.056118341486604564,0.8762052426336242,-0.42445501074060976,0.9790898259488596,14.0
2026-06-04,-0.7110604612015853,0.5847121681443367,-0.5985643214305029,0.9422798965653222,8.0
2026-06-05,-0.38332265907682067,0.8763708820262779,0.051977837536018034,0.5462076619151578,7.0
2026-06-06,-0.2172757408640591,1.8981386772286675,0.01229896852067125,1.1287000586915499,2.0
2026-06-07,-1.5594624711649132,1.0,-0.7858124969057778,1.0,1.0
2026-06-08,-0.12678744265721434,1.004907443306827,0.035727719674976524,1.0932610412065904,11.0
2026-06-09,-0.27275853173722064,0.9135129331481993,-0.19372872684255535,0.9978761076314764,16.0
2026-06-10,-0.13794965638032153,0.7666943011988342,-0.24261111386363948,1.1790929474312777,9.0
2026-06-11,0.12110405071204804,0.6914577470765089,0.11645146213550887,0.9648457303697925,6.0
2026-06-12,-0.2274270905970015,0.5648825594627601,-0.22634409919906626,0.479204286171433,6.0
2026-06-13,0.7320550535603015,1.0,0.5849004532155552,1.0,1.0
2026-06-15,0.09114332601040134,0.8390979465047999,-0.30001072126617107,1.2391944397930152,7.0
2026-06-16,0.20726281991199536,0.7133268036271754,0.2330336825269215,1.1389086278154268,13.0
2026-06-17,0.20594677209053036,1.098932483705372,0.24845694905769294,0.7932962214690383,31.0
2026-06-18,0.36177029517974907,1.15651242817873,0.24827043724760414,0.5999871213396201,12.0
2026-06-19,-0.0643962058527462,0.7432636232954863,-0.37958575476838113,0.8718834821286401,6.0
2026-06-20,0.6170336919193934,0.9569490499679233,-0.44166562374252666,0.6158736562560091,2.0
2026-06-21,0.5618182554085644,1.6428939593219802,0.853148148424229,1.352315672912849,3.0
2026-06-22,-0.1508666395942552,0.730986555463647,0.4418037854268374,0.5959535609673398,5.0
2026-06-23,0.27675559505817476,0.2835633340928425,0.011916010445478473,1.2356395223525474,6.0
2026-06-24,-0.23949388331736512,0.25251597824103317,0.43132927174143204,0.38161975573825296,5.0
2026-06-25,0.7049047413595312,1.2031820295174802,-0.44698339556552935,2.027582444819606,4.0
2026-06-26,0.5055064064728172,0.8598543994499719,0.2812561006987097,0.6816102762794083,11.0
2026-06-27,-0.08262321279785295,0.7626277200290311,-0.46393879857067954,1.1205232505521003,8.0
2026-06-28,0.991439486569347,0.4918045715678934,0.586543902736855,0.6525025957886728,5.0
2026-06-29,0.16114873680029942,1.0,-0.10275996469069384,1.0,1.0
2026-06-30,-0.15227744164598528,0.7157503652458576,0.1272862363124659,1.143105640374098,6.0
2026-07-01,0.63625638460826,0.9217455911690695,0.47869884954104236,1.2347160818970848,5.0
2026-07-02,-0.1410074919676169,0.372135191733675,0.13308245522550421,0.8533325581779313,4.0
2026-07-03,0.5864346020370068,0.4611731651341124,0.7251541671978631,0.3219844878903835,5.0
2026-07-04,-0.7932573225364256,1.0,0.9164217289281456,1.0,1.0
2026-07-05,0.3018337447856753,0.7710598560005515,0.6172164599481483,0.6419776884432722,16.0
2026-07-06,0.5009892875642667,0.950364067495889,0.2826051797342159,0.7769234507807873,14.0
2026-07-07,0.07232820496152097,0.7891013753265665,-0.23372949553111294,0.9023078794980047,9.0
2026-07-08,0.04501216324657592,1.0684475300568457,0.3390638464005984,1.388640157974089,6.0
2026-07-09,0.4638959667440053,0.6160554618608974,-0.04145708354541058,0.8596033448234772,12.0
2026-07-10,0.20606191241356184,0.7337891406703058,0.41157461323695127,0.9747976310385922,15.0
2026-07-11,0.44379997470173826,0.5744124318739814,-0.018950946925648225,0.76534623770366,14.0
2026-07-12,0.13079768652473922,0.7967500803177457,-0.054078229966986295,1.1951667947867421,11.0
2026-07-13,-0.4124337551662276,1.1100450741442283,0.008505777125026315,1.2374052149094708,6.0
2026-07-14,0.21367590837243686,0.828328047486008,0.48845431712469506,0.6445681340531365,8.0
2026-07-15,0.30977314213772933,0.7559469215468835,0.0547909072686682,0.7613315743718306,5.0
2026-07-16,0.11190356962679963,0.9352828745490132,-0.06756871465150042,0.7934830957110219,3.0
2026-07-17,-0.4566183567338962,0.731803514727799,-0.095070583131028,0.8819970423579757,6.0
2026-07-19,0.30687791723565794,0.5714892537289135,-0.11050205992284703,0.8043535621678051,9.0
2026-07-20,0.04835547899933079,0.7431670998693284,-0.07977213089337111,1.2313329193181477,20.0
2026-07-21,-0.2921418261397895,1.1527103357677189,0.20180397142986867,0.617219842080824,13.0
2026-07-22,0.021959982136943876,0.8961030852874428,-0.045333142241256896,0.8512535807275091,12.0
2026-07-23,-0.026907350899104062,0.9106608544272626,-0.14674472269907038,0.7918193227262704,11.0
2026-07-24,-0.06216059692545887,0.736311514785324,-0.001170518727015346,1.044513643772069,10.0
2026-07-25,-0.18416163164782975,0.6054411193575996,-0.7998150239508056,1.119319447022549,7.0
2026-07-26,0.03647426416244906,0.6871192302787337,-0.6998592430973304,0.8622336247951861,8.0
2026-07-27,0.39658006542008994,0.9976220712803562,0.8178309441164288,0.43464266230906007,8.0
2026-07-28,-0.29681872658976716,1.2272924516384227,0.23355147097245668,0.9774936955979328,7.0
2026-07-29,-0.018563136512510275,0.7987197662368195,0.976463705281884,0.09365265583071342,3.0
2026-07-30,0.41276710962200946,0.6190019399242384,0.7202705506811424,0.7830209299248229,4.0
2026-07-31,0.29796311712861073,1.3555839573314696,0.014600321851794107,1.0480374593518405,6.0
2026-08-01,0.08557663243462445,1.0,0.7520901382091248,1.0,1.0
2026-08-02,-0.31256605742514715,1.2599448545643206,0.8475338843328458,1.7716006295851219,3.0
2026-08-03,-0.2765799872094693,0.9881516916056121,0.12644249188836504,0.4177528961595682,4.0
2026-08-04,1.4782367630376787,0.2844350212192937,0.7562867632201116,0.29688215006418406,2.0
2026-08-05,-0.10351719567478707,1.0,0.5335432448163177,1.0,1.0
2026-08-06,-0.402782088801676,0.8043369528787825,-0.010985590956645858,1.05481623265607,6.0
2026-08-07,-0.13740389860568816,0.7788781698713281,0.5813552930384743,0.6801613517358202,5.0
2026-08-08,-0.07325617970674589,1.1315744656446605,0.18169084584055445,0.8772863661661229,7.0
2026-08-09,0.887132122393087,1.3843091162031145,0.3674528763833037,0.9657442065982698,10.0
2026-08-10,0.24102109887913553,0.6877241606902372,0.23249155213450046,0.8475141584231195,16.0
2026-08-11,0.09559620491303839,0.9989648118581104,0.056707152262183556,1.0959523970253178,19.0
2026-08-12,-0.12131198971614683,1.2859654377315426,-0.3948767053867002,1.1724368201616322,6.0
2026-08-13,-0.016278684906850558,0.6627654315848621,-0.2166924778024411,1.288595974199134,7.0
2026-08-14,0.42680724378550144,0.7768531301968306,0.043826283871797815,0.9975902298280012,9.0
2026-08-15,0.20656345754055602,0.6283229714473847,-0.2789136633685862,1.0276520492031136,10.0
2026-08-16,-0.10428051658691852,0.8474409825067898,-0.40114399116966926,0.5418745019767148,13.0
2026-08-17,0.08451462472952219,0.9215299557399156,0.0617405607637085,1.0010204507289973,8.0
2026-08-18,-0.3385107098458642,1.1374216983384997,-0.2654614438628078,1.3113966608942063,4.0
2026-08-19,-0.37410382994671404,0.8654381339173174,-0.060296970961202366,0.25727147554906277,3.0
2026-08-20,-0.049936172091282725,0.4446006421139227,0.4462216537927752,1.0579561660649932,6.0
2026-08-21,0.26668821265043224,0.8073567206112217,-0.26204378950593193,0.7242854004308031,7.0
2026-08-22,-0.08443907818533364,0.7947099611051127,-0.012918626632582107,0.9018614933891969,8.0
2026-08-23,0.25875350282252974,1.0695384470967872,-0.3191420886595403,0.8813100216652848,14.0
2026-08-24,0.6180532004961975,0.7781511837794232,0.16556669507270053,1.1647387285277253,7.0
2026-08-25,0.18305516178728118,0.6822743330676231,0.5124288206739419,0.7071068831928372,5.0
2026-08-26,0.5445918232530198,0.9510372054957652,-0.3928030116364072,1.5131863663358995,5.0
2026-08-27,0.3179088543585444,0.5777649716666609,-0.2524514508385167,1.0992435805575311,11.0
2026-08-28,-0.052870097251749154,0.6284725759689741,0.11847047271032264,0.657066201967027,4.0
2026-08-29,0.2333333333333333,1.0,0.6,1.0,1.0
2026-08-30,0.28742013136897054,0.41806886217637146,0.35643461057414216,0.46624886074688393,4.0
2026-08-31,0.5911033002232099,0.9242097435361196,0.636519667069045,1.8581074919286438,6.0
2026-09-01,0.05267501887098555,0.6459064065264759,0.022024503609328054,1.3124935190359739,9.0
2026-09-02,0.08378979243911668,0.9153186899040209,0.3561518613920753,1.1509896921958593,12.0
2026-09-03,0.308832434720336,0.8662210511784273,-0.08157611156299259,1.2596244899812532,11.0
2026-09-04,-0.037893039019102286,0.6768544659002506,-0.292737245238466,1.1211661980285819,13.0
2026-09-05,-0.011278885971068187,0.7142564293362044,0.04584871810513008,1.2916862144202281,4.0
2026-09-06,-0.0431761633599711,0.5215038116259617,0.36326052397375325,0.9000107442936858,9.0
2026-09-07,-0.3890803221193191,0.9232372509407618,0.2135345391779417,0.9231776488161819,6.0
2026-09-08,-1.070463456680025,1.0,0.512326864367856,1.0,1.0
